GRE,TOEFL,CGPA / %,WORK_EX,IELTS,SOP,LOR,PERCENTAGE
299,88,0.83,30,6,4,4,83
305,89,8.86,17,6,4,4,83.6
306,90,8.2,24,6,4,4,77
305,91,0.64,15,6,3,3,64
314,91,7.93,16,6,3,3,74.3
306,92,0.71,36,6,3,3,71
320,93,7.77,9,6.5,3,3,72.7
301,93,0.6523,26,6.5,3,3,65.23
305,95,0.6321,35,6.5,3,3,63.21
305,95,0.55,0,6.5,2,2,55
305,95,7.04,0,6.5,3,3,65.4
305,95,6.69,18,6.5,3,3,61.9
305,95,6.75,16,6.5,3,3,62.5
305,95,7.2,29,6.5,3,3,67
305,95,8.1,0,6.5,4,4,76
305,95,9.37,0,6.5,4,4,88.7
305,95,7.88,1,6.5,3,3,73.8
305,95,0.62,0,6.5,3,3,62
304,95,0.74,24,6.5,3,3,74
305,95,8.08,0,6.5,4,4,75.8
305,95,9.5,36,6.5,5,5,90
305,95,8.5,0,6.5,4,4,80
305,95,0.72,27,6.5,3,3,72
305,95,0.55,16,6.5,2,2,55
314,95,0.8068,48,6.5,4,4,80.68
311,95,0.73,25,6.5,3,3,73
305,95,0.63,1,6.5,3,3,63
305,95,0.653,18,6.5,3,3,65.3
305,95,7.1,0,6.5,3,3,66
313,95,0.75,38,6.5,4,4,75
305,95,0.8,0,6.5,4,4,80
301,95,0.65,74,6.5,3,3,65
306,99,0.74,0,6.5,3,3,74
310,100,8.96,2,6.5,4,4,84.6
319,100,6.74,28,6.5,3,3,62.4
320,100,0.68,0,6.5,3,3,68
311,101,7.74,25,7,3,3,72.4
310,101,0.66,22,7,3,3,66
306,102,0.65,26,7,3,3,65
321,102,7.5,12,7,3,3,70
310,103,7.5,29,7,3,3,70
307,103,8,34,7,4,4,75
306,103,0.6317,27,7,3,3,63.17
315,104,0.77,3,7,4,4,77
314,106,7.63,6,7,3,3,71.3
313,107,0.62,6,7,3,3,62
290,109,7,48,7.5,3,3,65
305,109,8.2,31,7.5,4,4,77
307,109,0.62,1,7.5,3,3,62
322,110,7.6,0,7.5,3,3,71
312,110,8.6,24,7.5,4,4,81
310,110,7.49,0,7.5,3,3,69.9
318,111,6.68,6,7.5,3,3,61.8
315,112,8.3,12,7.5,4,4,78
312,115,0.73,33,8,3,3,73
290,91,7.3,48,6,3,3,68
305,91,5.93,0,6,2,2,54.3
310,92,5.5,0,6,2,2,50
305,92,7.6,0,6,3,3,71
305,95,7.04,0,6.5,3,3,65.4
306,95,0.63,0,6.5,3,3,63
305,95,7.89,17,6.5,3,3,73.9
305,95,0.77,11,6.5,4,4,77
305,95,0.724,67,6.5,3,3,72.4
305,95,7.5,0,6.5,3,3,70
305,95,6.1,0,6.5,2,2,56
305,95,6.34,0,6.5,2,2,58.4
305,95,6.97,9,6.5,3,3,64.7
310,97,0.56,82,6.5,2,2,56
300,97,6.085,6,6.5,2,2,55.85
325,99,5,0,6.5,2,2,45
315,99,0.7342,26,6.5,3,3,73.42
302,100,0.71,0,6.5,3,3,71
308,100,6.47,38,6.5,2,2,59.7
296,100,0.67,41,6.5,3,3,67
306,101,0.7198,48,7,3,3,71.98
301,101,6.35,10,7,2,2,58.5
313,101,0.73,30,7,3,3,73
313,101,0.7364,0,7,3,3,73.64
303,103,9,2,7,4,4,85
305,103,0.81,0,7,4,4,81
316,106,6.75,5,7,3,3,62.5
336,107,6,30,7,2,2,55
309,108,7.5,10,7,3,3,70
305,109,7.35,0,7.5,3,3,68.5
299,109,0.78,0,7.5,4,4,78
310,110,7.49,0,7.5,3,3,69.9
310,112,0.723,22,7.5,3,3,72.3
317,85,8.57,16,6,4,4,80.7
296,91,0.72,20,6,3,3,72
306,93,0.73,0,6.5,3,3,73
305,95,8.78,1,6.5,4,4,82.8
305,95,0.6498,0,6.5,3,3,64.98
313,95,0.798,134,6.5,4,4,79.8
305,95,9.002,0,6.5,4,4,85.02
305,95,7.7,2,6.5,3,3,72
322,95,6.45,1,6.5,2,2,59.5
318,95,8,6,6.5,4,4,75
305,95,8.3,24,6.5,4,4,78
305,95,8.7,60,6.5,4,4,82
331,95,7.54,0,6.5,3,3,70.4
322,95,0.7,60,6.5,3,3,70
316,95,9,12,6.5,4,4,85
318,95,7.71,0,6.5,3,3,72.1
305,95,9.45,24,6.5,4,4,89.5
305,95,0.97,60,6.5,5,5,97
305,95,7,0,6.5,3,3,65
305,95,0.8,0,6.5,4,4,80
317,95,0.74,12,6.5,3,3,74
305,95,7.8,42,6.5,3,3,73
305,95,0.77,15,6.5,4,4,77
305,95,6.1,0,6.5,2,2,56
315,95,0.8,0,6.5,4,4,80
305,95,0.85,28,6.5,4,4,85
313,95,0.75,38,6.5,4,4,75
305,95,8.34,0,6.5,4,4,78.4
305,95,6.93,36,6.5,3,3,64.3
318,97,8.15,6,6.5,4,4,76.5
309,98,0.65,0,6.5,3,3,65
312,98,0.778,31,6.5,4,4,77.8
308,98,0.65,25,6.5,3,3,65
323,99,7.24,2,6.5,3,3,67.4
319,100,0.71,54,6.5,3,3,71
308,100,9.1,21,6.5,4,4,86
320,101,7.2,36,7,3,3,67
315,101,9.81,0,7,5,5,93.1
306,102,0.65,26,7,3,3,65
311,102,0.74,85,7,3,3,74
316,102,7.99,13,7,3,3,74.9
308,102,7.48,15,7,3,3,69.8
316,102,7.58,42,7,3,3,70.8
307,103,8,34,7,4,4,75
300,103,9,30,7,4,4,85
310,103,8.1,1,7,4,4,76
318,103,0.9,27,7,5,5,90
319,104,0.75,36,7,4,4,75
315,104,8.54,30,7,4,4,80.4
319,104,9.39,2,7,4,4,88.9
320,104,0.65,60,7,3,3,65
321,104,0.71,76,7,3,3,71
314,104,0.58,53,7,2,2,58
311,104,8.6,2,7,4,4,81
316,104,8.55,60,7,4,4,80.5
317,104,8.3,23,7,4,4,78
318,104,9.24,16,7,4,4,87.4
326,105,5.8,28,7,2,2,53
314,105,0.79,6,7,4,4,79
322,105,0.67,68,7,3,3,67
317,105,6.33,57,7,2,2,58.3
315,105,9.56,19,7,5,5,90.6
329,105,9.21,13,7,4,4,87.1
320,105,8.1,24,7,4,4,76
321,106,7.79,20,7,3,3,72.9
321,106,0.78,36,7,4,4,78
317,106,8.81,32,7,4,4,83.1
310,107,7.39,14,7,3,3,68.9
320,107,0.69,60,7,3,3,69
325,108,7.32,6,7,3,3,68.2
315,108,0.833,8,7,4,4,83.3
314,108,0.665,24,7,3,3,66.5
314,108,0.771,22,7,4,4,77.1
310,109,9.5,24,7.5,5,5,90
305,109,7.35,0,7.5,3,3,68.5
314,109,0.7582,36,7.5,4,4,75.82
318,109,0.72,60,7.5,3,3,72
319,109,7.97,24,7.5,3,3,74.7
325,109,0.6365,17,7.5,3,3,63.65
321,109,0.83,18,7.5,4,4,83
315,109,0.854,6,7.5,4,4,85.4
305,109,0.86,25,7.5,4,4,86
314,109,0.77,38,7.5,4,4,77
324,109,7.4,21,7.5,3,3,69
314,109,8.6,24,7.5,4,4,81
332,110,8.76,8,7.5,4,4,82.6
322,110,5.66,6,7.5,2,2,51.6
321,110,0.66,46,7.5,3,3,66
312,110,9.09,16,7.5,4,4,85.9
324,110,0.6358,16,7.5,3,3,63.58
312,110,7.62,2,7.5,3,3,71.2
315,110,8.6,3,7.5,4,4,81
322,110,0.7904,27,7.5,4,4,79.04
319,111,9.6,6,7.5,5,5,91
313,111,8.5,31,7.5,4,4,80
320,111,7.98,30,7.5,3,3,74.8
326,111,8.48,24,7.5,4,4,79.8
328,112,0.75,30,7.5,4,4,75
332,112,8.6,15,7.5,4,4,81
317,112,8.72,36,7.5,4,4,82.2
316,112,8.48,21,7.5,4,4,79.8
323,112,0.6621,27,7.5,3,3,66.21
322,113,8.79,6,7.5,4,4,82.9
324,113,0.7804,5,7.5,4,4,78.04
311,113,0.5805,36,7.5,2,2,58.05
319,113,0.734,26,7.5,3,3,73.4
324,113,0.655,0,7.5,3,3,65.5
321,114,7.58,38,8,3,3,70.8
325,115,6.98,25,8,3,3,64.8
323,116,8.38,4,8,4,4,78.8
322,116,8.1,6,8,4,4,76
330,116,8.19,0,8,4,4,76.9
316,116,8.19,3,8,4,4,76.9
334,117,8.21,0,8.5,4,4,77.1
318,118,8.43,30,8.5,4,4,79.3
292,85,7.62,36,6,3,3,71.2
296,86,0.67,30,6,3,3,67
298,86,0.7,7,6,3,3,70
302,86,0.65,28,6,3,3,65
303,90,0.588,0,6,2,2,58.8
302,93,7.75,0,6.5,3,3,72.5
309,93,7.445,4,6.5,3,3,69.45
295,95,9.3,12,6.5,4,4,88
302,95,6.9,40,6.5,3,3,64
305,95,0.76,5,6.5,4,4,76
314,95,7.25,24,6.5,3,3,67.5
309,95,7.3,6,6.5,3,3,68
305,95,6.9,16,6.5,3,3,64
310,95,0.802,0,6.5,4,4,80.2
305,95,0.72,21,6.5,3,3,72
310,96,0.62,57,6.5,3,3,62
305,96,8.4,4,6.5,4,4,79
309,97,6.88,0,6.5,3,3,63.8
308,100,6.47,38,6.5,2,2,59.7
313,100,0.65,12,6.5,3,3,65
308,100,6.79,27,6.5,3,3,62.9
311,101,0.5871,30,7,2,2,58.71
305,101,0.62,8,7,3,3,62
302,101,8.22,8,7,4,4,77.2
305,101,0.6,39,7,3,3,60
307,101,8.42,41,7,4,4,79.2
306,102,0.65,26,7,3,3,65
309,102,8,0,7,4,4,75
305,103,6.1,2,7,2,2,56
300,104,7.8,20,7,3,3,73
309,105,7.5,0,7,3,3,70
314,107,8.25,6,7,4,4,77.5
311,108,0.73,27,7,3,3,73
315,109,0.6,30,7.5,3,3,60
305,109,0.5262,-1,7.5,2,2,52.62
305,109,8,6,7.5,4,4,75
314,114,6.81,6,8,3,3,63.1
318,115,7.43,0,8,3,3,69.3
296,81,7.37,43,6,3,3,68.7
300,83,0.6819,12,6,3,3,68.19
301,83,0.555,60,6,2,2,55.5
303,84,0.6357,17,6,3,3,63.57
299,84,8.64,67,6,4,4,81.4
306,85,8.04,40,6,4,4,75.4
302,85,7.3,1,6,3,3,68
299,85,8.1,5,6,4,4,76
305,85,0.652,30,6,3,3,65.2
300,88,0.6,29,6,3,3,60
298,90,9.12,24,6,4,4,86.2
298,91,5.39,3,6,2,2,48.9
303,91,7.7,1,6,3,3,72
304,92,0.61,37,6,3,3,61
302,92,0.66,24,6,3,3,66
281,93,0.74,60,6.5,3,3,74
307,93,8.4,6,6.5,4,4,79
296,93,8.34,0,6.5,4,4,78.4
291,93,0.67,27,6.5,3,3,67
293,93,0.56,8,6.5,2,2,56
296,93,7,34,6.5,3,3,65
294,93,0.54,35,6.5,2,2,54
303,94,0.798,38,6.5,4,4,79.8
301,95,7.6,19,6.5,3,3,71
304,95,0.67,35,6.5,3,3,67
305,95,6,0,6.5,2,2,55
305,95,7.3,48,6.5,3,3,68
305,95,0.58,0,6.5,2,2,58
305,95,8.2,39,6.5,4,4,77
305,95,8.29,48,6.5,4,4,77.9
305,95,0.67,0,6.5,3,3,67
305,95,0.641,1,6.5,3,3,64.1
297,95,6,3,6.5,2,2,55
289,95,0.6,0,6.5,3,3,60
310,98,7.45,29,6.5,3,3,69.5
309,99,0.59,24,6.5,2,2,59
306,99,0.645,0,6.5,3,3,64.5
296,100,8.05,48,6.5,4,4,75.5
302,100,0.6,18,6.5,3,3,60
296,100,6.2,0,6.5,2,2,57
305,101,6.5,22,7,3,3,60
299,101,7.8,18,7,3,3,73
331,101,0.65,15,7,3,3,65
305,101,0.51,13,7,2,2,51
300,101,6.6,24,7,3,3,61
307,101,8.43,0,7,4,4,79.3
300,101,0.7264,48,7,3,3,72.64
297,101,6.5,15,7,3,3,60
300,101,0.81,36,7,4,4,81
315,105,6.45,7,7,2,2,59.5
309,108,0.6,14,7,3,3,60
314,108,0.6,21,7,3,3,60
295,109,7.51,32,7.5,3,3,70.1
311,109,6.12,18,7.5,2,2,56.2
304,109,0.625,4,7.5,3,3,62.5
305,95,8.7,60,6.5,4,4,82
305,95,7.3,48,6.5,3,3,68
305,95,0.64,92,6.5,3,3,64
305,95,0.58,0,6.5,2,2,58
305,95,7.1,0,6.5,3,3,66
308,95,8.5,40,6.5,4,4,80
305,95,7.97,-1,6.5,3,3,74.7
305,95,8.6,24,6.5,4,4,81
306,95,0.63,0,6.5,3,3,63
305,95,7.82,20,6.5,3,3,73.2
305,95,0.724,67,6.5,3,3,72.4
305,95,0.85,28,6.5,4,4,85
305,95,0.74,12,6.5,3,3,74
320,95,8.87,18,6.5,4,4,83.7
314,100,8.5,15,6.5,4,4,80
302,100,0.71,0,6.5,3,3,71
309,100,0.61,40,6.5,3,3,61
321,100,8.55,37,6.5,4,4,80.5
316,100,0.623,0,6.5,3,3,62.3
310,101,0.84,27,7,4,4,84
305,101,0.68,0,7,3,3,68
303,102,0.65,9,7,3,3,65
303,103,9,2,7,4,4,85
315,103,0.66,11,7,3,3,66
316,103,0.8101,13,7,4,4,81.01
323,103,7.92,7,7,3,3,74.2
323,104,8.7,7,7,4,4,82
324,104,0.899,29,7,4,4,89.9
316,104,0.895,38,7,4,4,89.5
319,105,6.8,6,7,3,3,63
315,105,7.42,0,7,3,3,69.2
314,106,7.63,6,7,3,3,71.3
318,106,7.36,2,7,3,3,68.6
307,107,8,18,7,4,4,75
328,109,0.62,33,7.5,3,3,62
315,110,8.6,3,7.5,4,4,81
327,110,7.125,39,7.5,3,3,66.25
317,110,8.04,24,7.5,4,4,75.4
313,111,8.5,31,7.5,4,4,80
321,112,0.72,28,7.5,3,3,72
318,112,0.803,16,7.5,4,4,80.3
316,112,0.6464,29,7.5,3,3,64.64
320,112,0.8048,28,7.5,4,4,80.48
319,112,7.52,35,7.5,3,3,70.2
330,113,0.773,37,7.5,4,4,77.3
319,113,9.3,11,7.5,4,4,88
312,113,0.65,0,7.5,3,3,65
324,113,0.655,0,7.5,3,3,65.5
321,114,7.58,38,8,3,3,70.8
326,115,9.38,1,8,4,4,88.8
325,116,8.48,2,8,4,4,79.8
305,117,0.8034,52,8.5,4,4,80.34
318,118,8.43,30,8.5,4,4,79.3
325,119,8.24,0,8.5,4,4,77.4
310,85,8.98,35,6,4,4,84.8
311,85,7.3,19,6,3,3,68
299,86,0.6,18,6,3,3,60
305,95,0.6321,35,6.5,3,3,63.21
305,95,8.5,0,6.5,4,4,80
305,95,0.72,27,6.5,3,3,72
305,95,0.58,0,6.5,2,2,58
287,95,0.599,80,6.5,2,2,59.9
305,95,7.7,2,6.5,3,3,72
305,95,7.3,48,6.5,3,3,68
305,95,0.71,0,6.5,3,3,71
305,95,7.7,1,6.5,3,3,72
305,95,7.45,0,6.5,3,3,69.5
305,95,0.6582,24,6.5,3,3,65.82
305,95,7.5,24,6.5,3,3,70
315,95,0.65,36,6.5,3,3,65
305,95,6.99,26,6.5,3,3,64.9
304,95,0.78,0,6.5,4,4,78
310,95,8,30,6.5,4,4,75
305,95,7.97,39,6.5,3,3,74.7
309,95,0.7,0,6.5,3,3,70
307,97,0.61,0,6.5,3,3,61
306,97,0.8,55,6.5,4,4,80
309,97,0.77,43,6.5,4,4,77
325,99,6.4,8,6.5,2,2,59
305,99,0.722,72,6.5,3,3,72.2
308,99,0.625,56,6.5,3,3,62.5
311,100,0,0,6.5,2,2,0
300,100,0.65,0,6.5,3,3,65
308,100,8.6,34,6.5,4,4,81
315,100,8.06,42,6.5,4,4,75.6
307,101,7.61,37,7,3,3,71.1
303,101,7.7,30,7,3,3,72
307,101,7.69,33,7,3,3,71.9
300,101,7.5,1,7,3,3,70
310,101,0.6,25,7,3,3,60
318,101,8.3,3,7,4,4,78
317,102,0.7824,21,7,4,4,78.24
311,102,0.6598,25,7,3,3,65.98
310,103,7.5,20,7,3,3,70
318,104,7.76,37,7,3,3,72.6
326,105,5.8,28,7,2,2,53
307,105,0.65,0,7,3,3,65
309,105,0.62,24,7,3,3,62
313,105,0.69,11,7,3,3,69
313,106,7.58,40,7,3,3,70.8
309,106,0.728,20,7,3,3,72.8
315,107,7.71,0,7,3,3,72.1
305,108,7.78,0,7,3,3,72.8
316,109,0.695,28,7.5,3,3,69.5
316,109,7.26,11,7.5,3,3,67.6
311,109,0.7,29,7.5,3,3,70
314,115,7,0,8,3,3,65
315,115,0.5959,30,8,2,2,59.59
321,116,0.68,0,8,3,3,68
307,85,0.74,15,6,3,3,74
330,85,0.65,24,6,3,3,65
318,85,0.735,33,6,3,3,73.5
304,92,7.2,16,6,3,3,67
298,93,7.7,0,6.5,3,3,72
295,93,0.54,41,6.5,2,2,54
325,95,0.7,2,6.5,3,3,70
305,95,9.002,0,6.5,4,4,85.02
318,95,7.71,0,6.5,3,3,72.1
318,95,8,6,6.5,4,4,75
305,95,8,0,6.5,4,4,75
305,95,0.685,11,6.5,3,3,68.5
305,95,0.52,0,6.5,2,2,52
305,95,7.11,8,6.5,3,3,66.1
305,95,7,0,6.5,3,3,65
320,95,7.69,7,6.5,3,3,71.9
305,95,0.67,15,6.5,3,3,67
305,95,0.75,0,6.5,4,4,75
316,95,7.2,1,6.5,3,3,67
320,95,8,0,6.5,4,4,75
309,96,7.79,7,6.5,3,3,72.9
311,96,0.68,18,6.5,3,3,68
311,97,6.5,9,6.5,3,3,60
311,97,7.7,35,6.5,3,3,72
302,98,8,29,6.5,4,4,75
311,98,7.31,25,6.5,3,3,68.1
319,100,0.6247,12,6.5,3,3,62.47
313,100,7.65,0,6.5,3,3,71.5
308,100,9.23,26,6.5,4,4,87.3
314,100,0.76,41,6.5,4,4,76
320,100,0.9,34,6.5,5,5,90
311,101,0.5871,30,7,2,2,58.71
311,102,0.77,0,7,4,4,77
314,102,0.64,38,7,3,3,64
303,103,9,2,7,4,4,85
305,103,0.734,40,7,3,3,73.4
310,103,0.7,88,7,3,3,70
307,104,0.61,84,7,3,3,61
312,104,7.61,20,7,3,3,71.1
321,105,7.1,1,7,3,3,66
314,106,0.555,24,7,2,2,55.5
310,106,7.34,18,7,3,3,68.4
311,107,0.52,35,7,2,2,52
323,107,7.1,44,7,3,3,66
320,107,0.69,60,7,3,3,69
316,109,0.695,28,7.5,3,3,69.5
308,109,7.95,18,7.5,3,3,74.5
312,110,8.6,24,7.5,4,4,81
322,110,5.66,6,7.5,2,2,51.6
319,110,9.5,16,7.5,5,5,90
326,111,0.601,42,7.5,3,3,60.1
310,112,7,30,7.5,3,3,65
316,113,7.86,36,7.5,3,3,73.6
320,113,7.9,17,7.5,3,3,74
316,117,0.915,6,8.5,5,5,91.5
299,84,8.64,67,6,4,4,81.4
305,85,8.65,8,6,4,4,81.5
303,85,6.3,6,6,2,2,58
300,85,6.52,17,6,3,3,60.2
287,87,8.8,18,6,4,4,83
303,87,0.68,60,6,3,3,68
303,89,6.5,0,6,3,3,60
298,90,9.12,24,6,4,4,86.2
310,92,5.5,0,6,2,2,50
308,92,0.6333,60,6,3,3,63.33
295,93,0.54,41,6.5,2,2,54
296,93,0.62,45,6.5,3,3,62
305,95,8.78,1,6.5,4,4,82.8
305,95,6.75,16,6.5,3,3,62.5
305,95,6,0,6.5,2,2,55
298,95,0.67,23,6.5,3,3,67
305,95,6.8,1,6.5,3,3,63
296,95,7.72,0,6.5,3,3,72.2
304,95,0.67,35,6.5,3,3,67
322,95,6.45,1,6.5,2,2,59.5
305,95,8.7,60,6.5,4,4,82
305,95,7.42,0,6.5,3,3,69.2
307,95,7.5,4,6.5,3,3,70
305,95,6,5,6.5,2,2,55
305,95,0.81,20,6.5,4,4,81
305,95,0.724,51,6.5,3,3,72.4
305,95,0.55,48,6.5,2,2,55
305,95,6.28,0,6.5,2,2,57.8
310,96,0.65,24,6.5,3,3,65
306,96,0.73,60,6.5,3,3,73
301,97,0.678,40,6.5,3,3,67.8
307,97,6,0,6.5,2,2,55
303,98,0.7828,46,6.5,4,4,78.28
297,98,6.08,0,6.5,2,2,55.8
310,99,0.57,43,6.5,2,2,57
306,99,8.5,0,6.5,4,4,80
296,100,6.2,0,6.5,2,2,57
305,101,8.11,0,7,4,4,76.1
308,101,0.81,20,7,4,4,81
290,101,0.653,4,7,3,3,65.3
305,101,7,0,7,3,3,65
308,101,0.7,30,7,3,3,70
312,102,9.05,2,7,4,4,85.5
289,102,0.61,33,7,3,3,61
305,102,8.33,3,7,4,4,78.3
313,102,0.79,0,7,4,4,79
302,102,5.6,8,7,2,2,51
306,104,0.8022,20,7,4,4,80.22
309,104,0.56,38,7,2,2,56
305,105,8.17,52,7,4,4,76.7
313,107,0.62,6,7,3,3,62
331,107,0.6436,24,7,3,3,64.36
320,108,0.66,15,7,3,3,66
312,109,7.9,0,7.5,3,3,74
315,110,0.64,44,7.5,3,3,64
305,95,8.1,0,6.5,4,4,76
305,95,0.62,0,6.5,3,3,62
305,95,8.5,0,6.5,4,4,80
305,95,0.72,27,6.5,3,3,72
305,95,6.24,0,6.5,2,2,57.4
287,95,0.599,80,6.5,2,2,59.9
305,95,0.71,0,6.5,3,3,71
305,95,7.02,0,6.5,3,3,65.2
305,95,0.742,0,6.5,3,3,74.2
305,95,5.96,20,6.5,2,2,54.6
305,95,0.59,30,6.5,2,2,59
326,99,8.322,12,6.5,4,4,78.22
311,99,7,20,6.5,3,3,65
315,100,7.54,0,6.5,3,3,70.4
305,101,0.72,29,7,3,3,72
311,101,0.62,54,7,3,3,62
319,104,9.21,30,7,4,4,87.1
326,104,7.79,12,7,3,3,72.9
317,104,7,30,7,3,3,65
317,105,0.8,60,7,4,4,80
318,105,6.8,42,7,3,3,63
318,106,8.1,30,7,4,4,76
331,107,0.6436,24,7,3,3,64.36
305,109,7.35,0,7.5,3,3,68.5
316,109,0.64,36,7.5,3,3,64
318,110,8.2,20,7.5,4,4,77
326,110,7.2,50,7.5,3,3,67
315,112,8.3,12,7.5,4,4,78
313,95,0.65,22,6.5,3,3,65
305,95,0.7,13,6.5,3,3,70
305,95,0.6,25,6.5,3,3,60
305,95,7.5,0,6.5,3,3,70
305,95,7.2,0,6.5,3,3,67
313,95,0.7887,17,6.5,4,4,78.87
299,95,0.764,29,6.5,4,4,76.4
284,95,6.54,39,6.5,3,3,60.4
305,95,0.54,22,6.5,2,2,54
305,95,8.51,8,6.5,4,4,80.1
305,95,8.5,15,6.5,4,4,80
305,95,7.11,0,6.5,3,3,66.1
312,96,8.6,15,6.5,4,4,81
315,100,8.31,19,6.5,4,4,78.1
324,100,6.96,25,6.5,3,3,64.6
321,101,7.35,36,7,3,3,68.5
305,101,7.93,17,7,3,3,74.3
315,102,8.2,16,7,4,4,77
328,104,8.1,12,7,4,4,76
318,105,0.7858,0,7,4,4,78.58
305,107,8.44,20,7,4,4,79.4
325,108,0.766,24,7,4,4,76.6
312,109,7.2,33,7.5,3,3,67
316,109,0.714,20,7.5,3,3,71.4
317,110,9.12,24,7.5,4,4,86.2
327,112,7.7,32,7.5,3,3,72
316,117,9.1,4,8.5,4,4,86
306,95,0.63,0,6.5,3,3,63
305,95,0.724,67,6.5,3,3,72.4
305,95,0.71,25,6.5,3,3,71
305,95,6.1,0,6.5,2,2,56
305,95,6.97,9,6.5,3,3,64.7
305,95,0.69,0,6.5,3,3,69
305,95,6.5,0,6.5,3,3,60
305,95,8.5,0,6.5,4,4,80
294,95,6.9,30,6.5,3,3,64
305,95,7.5,0,6.5,3,3,70
306,97,8.5,34,6.5,4,4,80
297,97,0.68,87,6.5,3,3,68
315,99,7.6,0,6.5,3,3,71
302,100,0.71,0,6.5,3,3,71
313,100,0.62,10,6.5,3,3,62
297,101,6.87,32,7,3,3,63.7
300,101,9.6,0,7,5,5,91
317,101,7.7,34,7,3,3,72
321,104,6.541,2,7,3,3,60.41
302,104,6.15,5,7,2,2,56.5
320,104,0.75,30,7,4,4,75
327,104,7.28,9,7,3,3,67.8
318,106,8.1,30,7,4,4,76
324,106,0.56,0,7,2,2,56
322,107,0.77,60,7,4,4,77
315,107,7.71,0,7,3,3,72.1
315,109,0.6,30,7.5,3,3,60
329,110,7.4,4,7.5,3,3,69
323,110,8.55,0,7.5,4,4,80.5
322,110,0.65,10,7.5,3,3,65
318,111,6.68,6,7.5,3,3,61.8
320,113,8.14,0,7.5,4,4,76.4
321,113,7,12,7.5,3,3,65
319,114,0.6,30,8,3,3,60
334,115,6.99,60,8,3,3,64.9
328,117,8,0,8.5,4,4,75
301,85,0.62,37,6,3,3,62
303,88,0.58,44,6,2,2,58
307,88,7,0,6,3,3,65
303,88,0.59,1,6,2,2,59
301,89,7.24,3,6,3,3,67.4
305,90,8.09,24,6,4,4,75.9
304,90,6,30,6,2,2,55
310,91,0.64,6,6,3,3,64
300,93,0.5879,26,6.5,2,2,58.79
295,93,0.54,41,6.5,2,2,54
301,93,0.62,0,6.5,3,3,62
299,93,0.66,48,6.5,3,3,66
306,94,0.729,12,6.5,3,3,72.9
297,94,0.698,30,6.5,3,3,69.8
305,95,0.645,0,6.5,3,3,64.5
305,95,0.67,0,6.5,3,3,67
316,95,7.8,37,6.5,3,3,73
305,95,0.58,0,6.5,2,2,58
305,95,0.67,0,6.5,3,3,67
305,95,8.7,0,6.5,4,4,82
304,95,8.5,24,6.5,4,4,80
314,95,5.8,0,6.5,2,2,53
285,95,7.3,36,6.5,3,3,68
305,95,0.6973,0,6.5,3,3,69.73
305,95,8.8,44,6.5,4,4,83
305,95,7.4,18,6.5,3,3,69
301,95,7,0,6.5,3,3,65
303,95,6.99,0,6.5,3,3,64.9
302,95,0.755,0,6.5,4,4,75.5
290,97,0.55,30,6.5,2,2,55
295,97,6,0,6.5,2,2,55
297,98,6.08,0,6.5,2,2,55.8
295,98,0.58,42,6.5,2,2,58
302,98,7.7,0,6.5,3,3,72
300,98,7.18,54,6.5,3,3,66.8
301,99,0.66,30,6.5,3,3,66
308,100,6.47,38,6.5,2,2,59.7
304,100,0.63,0,6.5,3,3,63
300,101,6.62,54,7,3,3,61.2
299,101,9.1,14,7,4,4,86
302,101,0.64,18,7,3,3,64
311,102,0.628,27,7,3,3,62.8
307,102,0.61,28,7,3,3,61
305,103,0.69,10,7,3,3,69
300,103,9,30,7,4,4,85
312,103,0.8,36,7,4,4,80
306,104,7.88,0,7,3,3,73.8
306,104,0.8022,20,7,4,4,80.22
305,104,7,6,7,3,3,65
309,104,7.3,30,7,3,3,68
317,105,6.76,12,7,3,3,62.6
321,108,0.5606,7,7,2,2,56.06
303,109,0.56,20,7.5,2,2,56
305,109,8,6,7.5,4,4,75
305,110,8.02,22,7.5,4,4,75.2
294,85,8.69,16,6,4,4,81.9
300,85,0.67,56,6,3,3,67
295,85,0.64,26,6,3,3,64
306,85,0.6414,31,6,3,3,64.14
310,85,7.7,2,6,3,3,72
303,85,6.3,6,6,2,2,58
292,90,6.52,13,6,3,3,60.2
294,90,6.6,0,6,3,3,61
303,91,7.7,1,6,3,3,72
299,91,0.6355,32,6,3,3,63.55
308,92,0.6333,60,6,3,3,63.33
310,92,5.5,0,6,2,2,50
291,93,0.67,27,6.5,3,3,67
295,93,0.54,41,6.5,2,2,54
309,93,7.3,0,6.5,3,3,68
300,93,0.694,82,6.5,3,3,69.4
294,93,0.54,35,6.5,2,2,54
306,94,0.729,12,6.5,3,3,72.9
305,95,0.6321,35,6.5,3,3,63.21
305,95,0.653,18,6.5,3,3,65.3
305,95,7.2,29,6.5,3,3,67
305,95,8.1,0,6.5,4,4,76
305,95,0.62,0,6.5,3,3,62
305,95,8.5,0,6.5,4,4,80
298,95,0.67,23,6.5,3,3,67
305,95,0.72,27,6.5,3,3,72
305,95,0.7,2,6.5,3,3,70
310,95,6.5,28,6.5,3,3,60
287,95,0.599,80,6.5,2,2,59.9
290,95,6.07,0,6.5,2,2,55.7
316,95,9.19,2,6.5,4,4,86.9
294,95,6.25,12,6.5,2,2,57.5
298,95,0.67,30,6.5,3,3,67
293,95,7.3,33,6.5,3,3,68
308,95,3.5,3,6.5,2,2,30
305,95,7.75,5,6.5,3,3,72.5
310,96,0.564,36,6.5,2,2,56.4
297,97,0.53,0,6.5,2,2,53
306,97,8.07,26,6.5,4,4,75.7
302,98,0.73,40,6.5,3,3,73
297,98,6.08,0,6.5,2,2,55.8
302,98,6.6,18,6.5,3,3,61
318,98,0.63,0,6.5,3,3,63
303,99,0.7168,40,6.5,3,3,71.68
309,99,0.6915,17,6.5,3,3,69.15
304,99,5.96,0,6.5,2,2,54.6
299,100,0.55,25,6.5,2,2,55
302,100,0.6,18,6.5,3,3,60
310,100,6.5,4,6.5,3,3,60
322,101,0.5889,24,7,2,2,58.89
297,101,6.8,19,7,3,3,63
304,102,8.5,52,7,4,4,80
302,106,8.39,24,7,4,4,78.9
299,109,0.78,0,7.5,4,4,78
319,112,6,0,7.5,2,2,55
305,95,0.645,0,6.5,3,3,64.5
305,95,0.67,0,6.5,3,3,67
316,95,7.8,37,6.5,3,3,73
305,95,0.58,0,6.5,2,2,58
305,95,0.67,0,6.5,3,3,67
320,95,6,11,6.5,2,2,55
305,95,8.7,0,6.5,4,4,82
305,95,6,10,6.5,2,2,55
304,95,8.5,24,6.5,4,4,80
314,95,5.8,0,6.5,2,2,53
305,95,0.6973,0,6.5,3,3,69.73
305,95,8.8,44,6.5,4,4,83
305,95,7.4,18,6.5,3,3,69
306,96,8.9,27,6.5,4,4,84
303,97,0.63,37,6.5,3,3,63
300,98,7.76,0,6.5,3,3,72.6
299,101,9.1,14,7,4,4,86
313,103,6.5,0,7,3,3,60
296,105,0.68,18,7,3,3,68
310,107,7.39,14,7,3,3,68.9
321,108,0.5606,7,7,2,2,56.06
305,110,8.02,22,7.5,4,4,75.2
305,112,8.04,3,7.5,4,4,75.4
312,87,0.71,30,6,3,3,71
304,90,8,61,6,4,4,75
302,90,0.7634,46,6,4,4,76.34
302,90,0.7634,46,6,4,4,76.34
310,92,0.69,0,6,3,3,69
301,92,0.62,5,6,3,3,62
309,94,8.66,2,6.5,4,4,81.6
317,94,0.8,6,6.5,4,4,80
305,95,0.645,0,6.5,3,3,64.5
305,95,0.67,0,6.5,3,3,67
305,95,0.58,0,6.5,2,2,58
305,95,0.7,18,6.5,3,3,70
305,95,3.5,12,6.5,2,2,30
295,95,0.7625,60,6.5,4,4,76.25
302,95,0.755,0,6.5,4,4,75.5
315,95,0.54,30,6.5,2,2,54
319,95,0.7,0,6.5,3,3,70
288,95,0.7885,0,6.5,4,4,78.85
314,95,0.8068,48,6.5,4,4,80.68
304,96,9.24,74,6.5,4,4,87.4
307,97,0.72,52,6.5,3,3,72
305,99,7.22,36,6.5,3,3,67.2
306,99,0.74,0,6.5,3,3,74
308,100,6.47,38,6.5,2,2,59.7
296,100,8.05,48,6.5,4,4,75.5
311,100,0,0,6.5,2,2,0
292,100,2,0,6.5,2,2,15
304,100,8.23,46,6.5,4,4,77.3
301,100,0.634,37,6.5,3,3,63.4
308,100,0.64,29,6.5,3,3,64
305,101,6.5,22,7,3,3,60
305,101,0.62,8,7,3,3,62
331,101,0.65,15,7,3,3,65
315,101,8.26,10,7,4,4,77.6
305,101,0.51,13,7,2,2,51
296,101,0.71,31,7,3,3,71
306,101,0.7198,48,7,3,3,71.98
300,101,7.5,1,7,3,3,70
319,101,6.57,15,7,3,3,60.7
289,102,0.61,33,7,3,3,61
305,102,7.56,53,7,3,3,70.6
303,103,9,2,7,4,4,85
309,103,0.69,0,7,3,3,69
313,104,7.06,0,7,3,3,65.6
306,104,7.5,34,7,3,3,70
298,104,7.23,7,7,3,3,67.3
307,106,0.64,30,7,3,3,64
309,107,0.6392,26,7,3,3,63.92
322,107,0.7447,28,7,3,3,74.47
317,108,8.2,0,7,4,4,77
307,108,0.75,0,7,4,4,75
303,109,0.56,20,7.5,2,2,56
304,110,0.6504,10,7.5,3,3,65.04
322,110,3.1,12,7.5,2,2,26
316,113,0.6,0,7.5,3,3,60
297,81,0.62,46,6,3,3,62
294,81,0.76,24,6,4,4,76
293,82,0.55,22,6,2,2,55
292,82,0.66,44,6,3,3,66
298,82,6.22,0,6,2,2,57.2
294,83,0.754,15,6,4,4,75.4
300,84,0.53,0,6,2,2,53
304,85,7.08,26,6,3,3,65.8
303,85,6.3,6,6,2,2,58
294,86,0.74,39,6,3,3,74
302,89,7,0,6,3,3,65
292,89,7.13,38,6,3,3,66.3
325,90,0.6007,23,6,3,3,60.07
296,90,5.67,8,6,2,2,51.7
304,90,8,61,6,4,4,75
298,91,5.39,3,6,2,2,48.9
300,91,0.55,6,6,2,2,55
310,92,5.5,0,6,2,2,50
308,92,0.6333,60,6,3,3,63.33
296,93,0.61,0,6.5,3,3,61
291,93,6.35,9,6.5,2,2,58.5
305,93,7.11,0,6.5,3,3,66.1
309,93,0.63,60,6.5,3,3,63
305,94,6.7,1,6.5,3,3,62
309,94,6.8,0,6.5,3,3,63
305,95,6.75,16,6.5,3,3,62.5
305,95,6.8,1,6.5,3,3,63
304,95,0.67,35,6.5,3,3,67
305,95,6.75,0,6.5,3,3,62.5
305,95,6.12,0,6.5,2,2,56.2
305,95,8.6,24,6.5,4,4,81
305,95,0.605,24,6.5,3,3,60.5
305,95,6.84,5,6.5,3,3,63.4
300,95,7.6,0,6.5,3,3,71
310,96,0.564,36,6.5,2,2,56.4
297,98,6.08,0,6.5,2,2,55.8
306,98,10,0,6.5,5,5,95
306,99,0.645,0,6.5,3,3,64.5
300,100,6.5,0,6.5,3,3,60
308,100,6.47,38,6.5,2,2,59.7
311,101,0.5871,30,7,2,2,58.71
305,101,0.62,8,7,3,3,62
304,101,0.79,30,7,4,4,79
312,101,8.25,0,7,4,4,77.5
300,101,7.5,1,7,3,3,70
301,101,0.57,3,7,2,2,57
297,101,6.8,19,7,3,3,63
299,102,5.7,0,7,2,2,52
308,102,7.09,0,7,3,3,65.9
313,103,6.5,0,7,3,3,60
313,103,7,0,7,3,3,65
301,107,0.65,41,7,3,3,65
331,107,0.6436,24,7,3,3,64.36
314,108,0.665,24,7,3,3,66.5
295,78,6.7,24,6,3,3,62
296,81,7.37,43,6,3,3,68.7
297,81,0.62,46,6,3,3,62
293,82,0.55,22,6,2,2,55
301,85,0.8012,60,6,4,4,80.12
310,85,0.797,36,6,4,4,79.7
302,85,7.3,1,6,3,3,68
301,85,0.8012,60,6,4,4,80.12
310,85,0.797,36,6,4,4,79.7
302,85,7.3,1,6,3,3,68
301,85,0.8012,60,6,4,4,80.12
310,85,0.797,36,6,4,4,79.7
302,85,7.3,1,6,3,3,68
301,85,0.8012,60,6,4,4,80.12
310,85,0.797,36,6,4,4,79.7
302,85,7.3,1,6,3,3,68
301,85,0.8012,60,6,4,4,80.12
310,85,0.797,36,6,4,4,79.7
302,85,7.3,1,6,3,3,68
301,85,0.8012,60,6,4,4,80.12
310,85,0.797,36,6,4,4,79.7
302,85,7.3,1,6,3,3,68
301,85,0.8012,60,6,4,4,80.12
310,85,0.797,36,6,4,4,79.7
302,85,7.3,1,6,3,3,68
301,85,0.8012,60,6,4,4,80.12
310,85,0.797,36,6,4,4,79.7
302,85,7.3,1,6,3,3,68
301,85,0.8012,60,6,4,4,80.12
310,85,0.797,36,6,4,4,79.7
302,85,7.3,1,6,3,3,68
301,85,0.8012,60,6,4,4,80.12
310,85,0.797,36,6,4,4,79.7
302,85,7.3,1,6,3,3,68
303,87,6.8,8,6,3,3,63
299,88,0.83,30,6,4,4,83
300,88,0.6,29,6,3,3,60
300,88,8.18,24,6,4,4,76.8
300,88,8.18,24,6,4,4,76.8
300,88,8.18,24,6,4,4,76.8
300,88,8.18,24,6,4,4,76.8
300,88,8.18,24,6,4,4,76.8
300,88,8.18,24,6,4,4,76.8
300,88,8.18,24,6,4,4,76.8
300,88,8.18,24,6,4,4,76.8
300,88,8.18,24,6,4,4,76.8
308,90,8.16,43,6,4,4,76.6
302,90,7.75,6,6,3,3,72.5
305,90,0.82,48,6,4,4,82
305,90,0.82,48,6,4,4,82
305,90,0.82,48,6,4,4,82
305,90,0.82,48,6,4,4,82
305,90,0.82,48,6,4,4,82
305,90,0.82,48,6,4,4,82
305,90,0.82,48,6,4,4,82
305,90,0.82,48,6,4,4,82
305,90,0.82,48,6,4,4,82
296,91,0.72,20,6,3,3,72
281,93,0.74,60,6.5,3,3,74
295,93,0.54,41,6.5,2,2,54
308,93,7.8,26,6.5,3,3,73
303,94,7.37,27,6.5,3,3,68.7
307,94,0.79,37,6.5,4,4,79
303,94,7.37,27,6.5,3,3,68.7
307,94,0.79,37,6.5,4,4,79
303,94,7.37,27,6.5,3,3,68.7
307,94,0.79,37,6.5,4,4,79
303,94,7.37,27,6.5,3,3,68.7
307,94,0.79,37,6.5,4,4,79
303,94,7.37,27,6.5,3,3,68.7
307,94,0.79,37,6.5,4,4,79
303,94,7.37,27,6.5,3,3,68.7
307,94,0.79,37,6.5,4,4,79
303,94,7.37,27,6.5,3,3,68.7
307,94,0.79,37,6.5,4,4,79
303,94,7.37,27,6.5,3,3,68.7
307,94,0.79,37,6.5,4,4,79
303,94,7.37,27,6.5,3,3,68.7
307,94,0.79,37,6.5,4,4,79
303,94,7.37,27,6.5,3,3,68.7
307,94,0.79,37,6.5,4,4,79
305,95,8.78,1,6.5,4,4,82.8
305,95,6.75,16,6.5,3,3,62.5
304,95,0.74,24,6.5,3,3,74
316,95,9,12,6.5,4,4,85
322,95,6.45,1,6.5,2,2,59.5
305,95,8.7,60,6.5,4,4,82
305,95,0.58,0,6.5,2,2,58
305,95,8.6,24,6.5,4,4,81
301,95,0.65,74,6.5,3,3,65
308,95,3.5,3,6.5,2,2,30
307,95,0.65,40,6.5,3,3,65
305,95,0.653,18,6.5,3,3,65.3
308,95,3.5,3,6.5,2,2,30
307,95,0.65,40,6.5,3,3,65
305,95,0.653,18,6.5,3,3,65.3
308,95,3.5,3,6.5,2,2,30
307,95,0.65,40,6.5,3,3,65
305,95,0.653,18,6.5,3,3,65.3
308,95,3.5,3,6.5,2,2,30
307,95,0.65,40,6.5,3,3,65
305,95,0.653,18,6.5,3,3,65.3
308,95,3.5,3,6.5,2,2,30
307,95,0.65,40,6.5,3,3,65
305,95,0.653,18,6.5,3,3,65.3
308,95,3.5,3,6.5,2,2,30
307,95,0.65,40,6.5,3,3,65
305,95,0.653,18,6.5,3,3,65.3
308,95,3.5,3,6.5,2,2,30
307,95,0.65,40,6.5,3,3,65
305,95,0.653,18,6.5,3,3,65.3
308,95,3.5,3,6.5,2,2,30
307,95,0.65,40,6.5,3,3,65
305,95,0.653,18,6.5,3,3,65.3
308,95,3.5,3,6.5,2,2,30
307,95,0.65,40,6.5,3,3,65
305,95,0.653,18,6.5,3,3,65.3
308,95,3.5,3,6.5,2,2,30
307,95,0.65,40,6.5,3,3,65
306,96,0.62,15,6.5,3,3,62
304,96,7.87,12,6.5,3,3,73.7
304,96,7.87,12,6.5,3,3,73.7
304,96,7.87,12,6.5,3,3,73.7
304,96,7.87,12,6.5,3,3,73.7
304,96,7.87,12,6.5,3,3,73.7
304,96,7.87,12,6.5,3,3,73.7
304,96,7.87,12,6.5,3,3,73.7
304,96,7.87,12,6.5,3,3,73.7
304,96,7.87,12,6.5,3,3,73.7
304,96,7.87,12,6.5,3,3,73.7
303,97,7,16,6.5,3,3,65
306,97,0.73,42,6.5,3,3,73
306,97,0.73,42,6.5,3,3,73
306,97,0.73,42,6.5,3,3,73
306,97,0.73,42,6.5,3,3,73
306,97,0.73,42,6.5,3,3,73
306,97,0.73,42,6.5,3,3,73
306,97,0.73,42,6.5,3,3,73
306,97,0.73,42,6.5,3,3,73
306,97,0.73,42,6.5,3,3,73
304,98,7.81,28,6.5,3,3,73.1
308,99,0.65,19,6.5,3,3,65
308,99,0.65,19,6.5,3,3,65
308,99,0.65,19,6.5,3,3,65
308,99,0.65,19,6.5,3,3,65
308,99,0.65,19,6.5,3,3,65
308,99,0.65,19,6.5,3,3,65
308,99,0.65,19,6.5,3,3,65
308,99,0.65,19,6.5,3,3,65
308,99,0.65,19,6.5,3,3,65
308,100,6.47,38,6.5,2,2,59.7
319,100,0.6247,12,6.5,3,3,62.47
305,101,8.11,0,7,4,4,76.1
302,101,8.22,8,7,4,4,77.2
306,101,0.7422,8,7,3,3,74.22
317,101,0.637,1,7,3,3,63.7
317,101,0.637,1,7,3,3,63.7
317,101,0.637,1,7,3,3,63.7
317,101,0.637,1,7,3,3,63.7
317,101,0.637,1,7,3,3,63.7
317,101,0.637,1,7,3,3,63.7
317,101,0.637,1,7,3,3,63.7
317,101,0.637,1,7,3,3,63.7
317,101,0.637,1,7,3,3,63.7
308,101,7.79,16,7,3,3,72.9
302,101,0.65,30,7,3,3,65
302,101,0.65,30,7,3,3,65
302,101,0.65,30,7,3,3,65
302,101,0.65,30,7,3,3,65
302,101,0.65,30,7,3,3,65
302,101,0.65,30,7,3,3,65
302,101,0.65,30,7,3,3,65
302,101,0.65,30,7,3,3,65
302,101,0.65,30,7,3,3,65
303,103,9,2,7,4,4,85
312,104,8.7,20,7,4,4,82
312,104,8.7,20,7,4,4,82
312,104,8.7,20,7,4,4,82
312,104,8.7,20,7,4,4,82
312,104,8.7,20,7,4,4,82
312,104,8.7,20,7,4,4,82
312,104,8.7,20,7,4,4,82
312,104,8.7,20,7,4,4,82
312,104,8.7,20,7,4,4,82
312,104,8.7,20,7,4,4,82
311,106,0.6823,19,7,3,3,68.23
314,106,9.15,0,7,4,4,86.5
314,106,9.15,0,7,4,4,86.5
314,106,9.15,0,7,4,4,86.5
314,106,9.15,0,7,4,4,86.5
314,106,9.15,0,7,4,4,86.5
314,106,9.15,0,7,4,4,86.5
314,106,9.15,0,7,4,4,86.5
314,106,9.15,0,7,4,4,86.5
314,106,9.15,0,7,4,4,86.5
322,107,0.7447,28,7,3,3,74.47
310,107,7.39,14,7,3,3,68.9
310,107,7.39,14,7,3,3,68.9
310,107,7.39,14,7,3,3,68.9
310,107,7.39,14,7,3,3,68.9
310,107,7.39,14,7,3,3,68.9
310,107,7.39,14,7,3,3,68.9
310,107,7.39,14,7,3,3,68.9
310,107,7.39,14,7,3,3,68.9
310,107,7.39,14,7,3,3,68.9
312,109,7.9,0,7.5,3,3,74
305,109,7.35,0,7.5,3,3,68.5
316,109,0.695,28,7.5,3,3,69.5
311,111,0.598,40,7.5,2,2,59.8
307,111,7.6,0,7.5,3,3,71
307,111,7.6,0,7.5,3,3,71
307,111,7.6,0,7.5,3,3,71
307,111,7.6,0,7.5,3,3,71
307,111,7.6,0,7.5,3,3,71
307,111,7.6,0,7.5,3,3,71
307,111,7.6,0,7.5,3,3,71
307,111,7.6,0,7.5,3,3,71
307,111,7.6,0,7.5,3,3,71
307,111,7.6,0,7.5,3,3,71
315,112,8.24,1,7.5,4,4,77.4
320,113,7.9,17,7.5,3,3,74
312,113,10,0,7.5,5,5,95
319,114,6.71,14,8,3,3,62.1
319,114,6.71,14,8,3,3,62.1
319,114,6.71,14,8,3,3,62.1
319,114,6.71,14,8,3,3,62.1
319,114,6.71,14,8,3,3,62.1
319,114,6.71,14,8,3,3,62.1
319,114,6.71,14,8,3,3,62.1
319,114,6.71,14,8,3,3,62.1
319,114,6.71,14,8,3,3,62.1
319,114,6.71,14,8,3,3,62.1
317,85,8,34,6,4,4,75
319,90,0.63,0,6,3,3,63
296,91,0.72,20,6,3,3,72
309,94,0.88,60,6.5,4,4,88
305,95,7.04,0,6.5,3,3,65.4
305,95,0.7,13,6.5,3,3,70
325,95,0.7,2,6.5,3,3,70
305,95,8.6,0,6.5,4,4,81
305,95,8.678,2,6.5,4,4,81.78
305,95,7.48,0,6.5,3,3,69.8
290,95,0.76,0,6.5,4,4,76
305,95,8.8,13,6.5,4,4,83
305,95,0.55,16,6.5,2,2,55
305,95,6.8,1,6.5,3,3,63
318,95,7.71,0,6.5,3,3,72.1
305,95,0.7,13,6.5,3,3,70
305,95,7.1,0,6.5,3,3,66
316,95,7.5,36,6.5,3,3,70
314,95,0.8068,48,6.5,4,4,80.68
305,95,0.68,0,6.5,3,3,68
310,95,7.55,12,6.5,3,3,70.5
312,98,0.778,31,6.5,4,4,77.8
314,100,7.4,24,6.5,3,3,69
315,100,0.72,43,6.5,3,3,72
317,100,0.8043,43,6.5,4,4,80.43
305,101,0.623,0,7,3,3,62.3
309,101,8.5,16,7,4,4,80
306,102,0.65,26,7,3,3,65
316,102,7.58,42,7,3,3,70.8
316,102,7.99,13,7,3,3,74.9
303,103,9,2,7,4,4,85
317,103,0.79,60,7,4,4,79
309,103,0.69,0,7,3,3,69
309,103,0.741,13,7,3,3,74.1
315,103,0.66,11,7,3,3,66
318,103,0.784,-1,7,4,4,78.4
307,103,8,34,7,4,4,75
321,104,0.71,76,7,3,3,71
324,104,0.899,29,7,4,4,89.9
305,104,8.15,33,7,4,4,76.5
312,104,8.7,20,7,4,4,82
330,108,7.2,12,7,3,3,67
315,109,0.6577,30,7.5,3,3,65.77
329,110,6.5,6,7.5,3,3,60
327,110,7.43,20,7.5,3,3,69.3
322,110,0.7904,27,7.5,4,4,79.04
320,111,7.98,30,7.5,3,3,74.8
315,112,8.3,12,7.5,4,4,78
318,112,0.803,16,7.5,4,4,80.3
322,112,0.698,31,7.5,3,3,69.8
317,114,8.02,21,8,4,4,75.2
320,116,0.82,0,8,4,4,82
325,116,8.48,2,8,4,4,79.8
320,117,0.5942,30,8.5,2,2,59.42
314,85,0.6328,40,6,3,3,63.28
314,85,0.87,30,6,4,4,87
313,85,0.84,24,6,4,4,84
308,85,7.31,23,6,3,3,68.1
304,88,0.79,57,6,4,4,79
298,90,9.12,24,6,4,4,86.2
310,90,0.71,6,6,3,3,71
305,91,0.64,15,6,3,3,64
312,92,0.752,50,6,4,4,75.2
308,93,0.81,27,6.5,4,4,81
301,93,0.835,20,6.5,4,4,83.5
305,95,8.78,1,6.5,4,4,82.8
305,95,7.2,29,6.5,3,3,67
305,95,8.1,0,6.5,4,4,76
305,95,0.62,0,6.5,3,3,62
310,95,6.8,23,6.5,3,3,63
290,95,0.76,0,6.5,4,4,76
305,95,6.8,1,6.5,3,3,63
318,95,7.71,0,6.5,3,3,72.1
305,95,0.65,12,6.5,3,3,65
305,95,7.81,1,6.5,3,3,73.1
305,95,7.02,0,6.5,3,3,65.2
307,95,0.74,37,6.5,3,3,74
316,95,7.5,36,6.5,3,3,70
307,95,0.651,48,6.5,3,3,65.1
314,96,8,24,6.5,4,4,75
313,98,7.1,32,6.5,3,3,66
310,99,6.48,12,6.5,2,2,59.8
309,99,8.56,0,6.5,4,4,80.6
302,100,0.71,0,6.5,3,3,71
309,100,7.2,1,6.5,3,3,67
315,100,7.54,0,6.5,3,3,70.4
317,101,0.67,18,7,3,3,67
312,102,0.65,20,7,3,3,65
311,102,0.77,0,7,4,4,77
305,102,8.87,30,7,4,4,83.7
310,102,0.6,26,7,3,3,60
306,104,0.8022,20,7,4,4,80.22
304,105,3.69,24,7,2,2,31.9
308,105,0.85,60,7,4,4,85
313,106,0.64,59,7,3,3,64
313,107,0.62,6,7,3,3,62
322,107,0.7447,28,7,3,3,74.47
318,108,0.7,31,7,3,3,70
317,108,8.2,0,7,4,4,77
305,109,7.35,0,7.5,3,3,68.5
318,109,8.17,0,7.5,4,4,76.7
317,109,7.93,57,7.5,3,3,74.3
323,109,0.803,13,7.5,4,4,80.3
311,110,0.64,72,7.5,3,3,64
317,110,6.93,25,7.5,3,3,64.3
311,111,0.598,40,7.5,2,2,59.8
315,112,8.3,12,7.5,4,4,78
305,113,0.7389,60,7.5,3,3,73.89
320,117,0.5942,30,8.5,2,2,59.42
305,95,8.8,13,6.5,4,4,83
305,95,6.8,1,6.5,3,3,63
318,95,8,6,6.5,4,4,75
305,95,7.7,2,6.5,3,3,72
305,95,0.58,0,6.5,2,2,58
305,95,7.3,48,6.5,3,3,68
320,95,7.8,1,6.5,3,3,73
313,95,8.25,6,6.5,4,4,77.5
305,95,0.64,92,6.5,3,3,64
318,95,6.75,13,6.5,3,3,62.5
302,95,0.67,0,6.5,3,3,67
305,95,8.6,24,6.5,4,4,81
305,95,7.82,20,6.5,3,3,73.2
305,95,0.6512,3,6.5,3,3,65.12
305,95,0.9,1,6.5,5,5,90
320,96,8.46,42,6.5,4,4,79.6
310,99,6.48,12,6.5,2,2,59.8
307,99,0.67,16,6.5,3,3,67
312,100,0.67,60,6.5,3,3,67
308,101,7.79,16,7,3,3,72.9
319,101,6.57,15,7,3,3,60.7
313,101,0.682,42,7,3,3,68.2
312,102,0.65,20,7,3,3,65
318,102,0.67,32,7,3,3,67
317,103,0.79,60,7,4,4,79
316,103,0.8101,13,7,4,4,81.01
315,104,0.77,3,7,4,4,77
315,104,6.97,18,7,3,3,64.7
305,104,8.15,33,7,4,4,76.5
308,105,0.85,60,7,4,4,85
310,106,7.92,35,7,3,3,74.2
311,106,0.68,19,7,3,3,68
311,106,0.6823,19,7,3,3,68.23
313,107,8.96,0,7,4,4,84.6
308,108,8.65,36,7,4,4,81.5
309,108,8.57,37,7,4,4,80.7
305,109,7.35,0,7.5,3,3,68.5
305,109,0.6,0,7.5,3,3,60
318,109,0.69,30,7.5,3,3,69
305,109,0.86,25,7.5,4,4,86
322,110,5.66,6,7.5,2,2,51.6
317,110,6.93,25,7.5,3,3,64.3
312,110,8.6,24,7.5,4,4,81
326,111,0.601,42,7.5,3,3,60.1
315,112,8.24,1,7.5,4,4,77.4
316,112,8.48,21,7.5,4,4,79.8
305,113,0.7389,60,7.5,3,3,73.89
321,114,7.58,38,8,3,3,70.8
319,114,6.71,14,8,3,3,62.1
319,114,6.71,14,8,3,3,62.1
326,115,9.38,1,8,4,4,88.8
325,115,9.12,4,8,4,4,86.2
325,115,9.55,26,8,5,5,90.5
321,117,0.872,30,8.5,4,4,87.2
305,95,7.02,0,6.5,3,3,65.2
305,95,0.742,0,6.5,3,3,74.2
305,95,5.96,20,6.5,2,2,54.6
305,95,7,0,6.5,3,3,65
305,95,7.9,36,6.5,3,3,74
305,95,7.2,1,6.5,3,3,67
313,95,8.1,5,6.5,4,4,76
305,95,0.7,0,6.5,3,3,70
305,95,8.23,25,6.5,4,4,77.3
305,95,8.9,0,6.5,4,4,84
307,95,7.98,4,6.5,3,3,74.8
317,96,8,20,6.5,4,4,75
326,99,8.322,12,6.5,4,4,78.22
315,100,7.54,0,6.5,3,3,70.4
305,101,0.72,29,7,3,3,72
306,102,0.65,26,7,3,3,65
323,103,7,30,7,3,3,65
313,107,0.76,31,7,4,4,76
316,109,0.714,20,7.5,3,3,71.4
325,109,8.35,0,7.5,4,4,78.5
315,112,8.3,12,7.5,4,4,78
332,117,7.33,0,8.5,3,3,68.3
285,85,6.8,0,6,3,3,63
313,95,0.65,22,6.5,3,3,65
316,95,9,12,6.5,4,4,85
318,95,7.71,0,6.5,3,3,72.1
305,95,0.7,13,6.5,3,3,70
290,95,6.07,0,6.5,2,2,55.7
314,95,0.64,0,6.5,3,3,64
305,95,0.6,25,6.5,3,3,60
305,95,7.5,0,6.5,3,3,70
323,95,9.14,0,6.5,4,4,86.4
313,95,0.7887,17,6.5,4,4,78.87
284,95,6.54,39,6.5,3,3,60.4
305,95,7.8,37,6.5,3,3,73
305,95,9.45,10,6.5,4,4,89.5
305,95,0.8,34,6.5,4,4,80
280,95,0.67,2,6.5,3,3,67
305,95,0.6,0,6.5,3,3,60
294,95,0.58,0,6.5,2,2,58
312,96,6,30,6.5,2,2,55
326,99,8.322,12,6.5,4,4,78.22
311,100,0,0,6.5,2,2,0
305,101,7.93,17,7,3,3,74.3
302,101,0.588,13,7,2,2,58.8
311,102,0.74,85,7,3,3,74
309,109,0.68,0,7.5,3,3,68
320,111,0.5,0,7.5,2,2,50
315,112,8.3,12,7.5,4,4,78
305,95,6.8,1,6.5,3,3,63
322,95,6.45,1,6.5,2,2,59.5
305,95,0.58,0,6.5,2,2,58
305,95,7.3,48,6.5,3,3,68
305,95,9.03,0,6.5,4,4,85.3
320,95,7.69,7,6.5,3,3,71.9
305,95,6.4,12,6.5,2,2,59
305,95,0.58,0,6.5,2,2,58
305,95,8.6,24,6.5,4,4,81
305,95,6.71,6,6.5,3,3,62.1
305,95,7.82,20,6.5,3,3,73.2
316,95,7.5,36,6.5,3,3,70
305,95,0.75,0,6.5,4,4,75
305,95,8,0,6.5,4,4,75
315,96,7.09,25,6.5,3,3,65.9
323,97,0.62,49,6.5,3,3,62
307,97,6,0,6.5,2,2,55
311,98,0.684,18,6.5,3,3,68.4
313,98,8.92,44,6.5,4,4,84.2
307,99,0.67,16,6.5,3,3,67
310,99,0.71,38,6.5,3,3,71
314,100,8.5,15,6.5,4,4,80
309,100,8.61,39,6.5,4,4,81.1
299,101,7.8,18,7,3,3,73
290,101,0.76,8,7,4,4,76
302,101,8.4,41,7,4,4,79
304,101,0.79,30,7,4,4,79
307,101,7.61,37,7,3,3,71.1
311,101,0.75,32,7,4,4,75
309,101,0.714,36,7,3,3,71.4
309,101,0.7,27,7,3,3,70
319,101,6.57,15,7,3,3,60.7
316,103,0.8101,13,7,4,4,81.01
322,104,8.3,0,7,4,4,78
324,104,0.899,29,7,4,4,89.9
312,104,8.7,20,7,4,4,82
316,105,7.4,45,7,3,3,69
308,105,0.85,60,7,4,4,85
310,106,7.92,35,7,3,3,74.2
311,106,0.6823,19,7,3,3,68.23
314,106,7.63,6,7,3,3,71.3
309,109,9.24,40,7.5,4,4,87.4
315,109,0.6577,30,7.5,3,3,65.77
317,109,6.34,13,7.5,2,2,58.4
313,109,0.8174,25,7.5,4,4,81.74
317,111,0.866,20,7.5,4,4,86.6
311,111,0.598,40,7.5,2,2,59.8
321,112,0.63,60,7.5,3,3,63
322,113,6.8,30,7.5,3,3,63
320,113,7.9,17,7.5,3,3,74
326,113,0.685,44,7.5,3,3,68.5
321,114,7.58,38,8,3,3,70.8
319,114,6.71,14,8,3,3,62.1
319,114,6.71,14,8,3,3,62.1
320,117,0.5942,30,8.5,2,2,59.42
305,93,0.6,38,6.5,3,3,60
300,93,7.4,16,6.5,3,3,69
303,93,0.641,2,6.5,3,3,64.1
306,94,6.6,0,6.5,3,3,61
305,95,0.58,0,6.5,2,2,58
305,95,0.75,0,6.5,4,4,75
301,95,7.6,19,6.5,3,3,71
305,95,6,0,6.5,2,2,55
305,95,0.65,0,6.5,3,3,65
305,95,0.783,0,6.5,4,4,78.3
282,95,0.54,0,6.5,2,2,54
305,95,9,0,6.5,4,4,85
308,95,8,30,6.5,4,4,75
305,95,0.72,21,6.5,3,3,72
302,98,0.65,29,6.5,3,3,65
302,99,0.6791,53,6.5,3,3,67.91
304,99,0.76,38,6.5,4,4,76
300,99,7.46,0,6.5,3,3,69.6
296,100,8.05,48,6.5,4,4,75.5
305,101,6.5,22,7,3,3,60
305,101,0.62,8,7,3,3,62
331,101,0.65,15,7,3,3,65
297,101,6.87,32,7,3,3,63.7
309,101,0.714,36,7,3,3,71.4
305,101,0.51,54,7,2,2,51
313,108,6.47,12,7,2,2,59.7
303,108,7.696,2,7,3,3,71.96
309,109,9.24,40,7.5,4,4,87.4
311,109,0.69,48,7.5,3,3,69
295,109,7.51,32,7.5,3,3,70.1
310,109,6.47,0,7.5,2,2,59.7
308,112,8,30,7.5,4,4,75
306,93,6.92,47,6.5,3,3,64.2
309,94,6.45,13,6.5,2,2,59.5
305,95,0.6321,35,6.5,3,3,63.21
305,95,7.98,0,6.5,3,3,74.8
305,95,0.6,0,6.5,3,3,60
305,95,8.5,0,6.5,4,4,80
305,95,0.72,27,6.5,3,3,72
305,95,0.56,0,6.5,2,2,56
287,95,0.599,80,6.5,2,2,59.9
305,95,7.7,2,6.5,3,3,72
305,95,0.71,0,6.5,3,3,71
305,95,9.03,0,6.5,4,4,85.3
305,95,6.4,12,6.5,2,2,59
305,95,8.04,50,6.5,4,4,75.4
303,95,8.2,47,6.5,4,4,77
303,95,6.9,12,6.5,3,3,64
303,95,6.75,15,6.5,3,3,62.5
311,95,0.66,3,6.5,3,3,66
309,95,0.68,23,6.5,3,3,68
306,96,8.2,0,6.5,4,4,77
302,96,0.615,48,6.5,3,3,61.5
308,97,8.25,41,6.5,4,4,77.5
302,98,0.73,40,6.5,3,3,73
313,98,7.1,32,6.5,3,3,66
311,98,7.31,25,6.5,3,3,68.1
297,99,0.5581,24,6.5,2,2,55.81
313,100,8.02,0,6.5,4,4,75.2
304,100,0.828,15,6.5,4,4,82.8
304,100,0.64,35,6.5,3,3,64
306,100,0.78,17,6.5,4,4,78
308,100,0.64,29,6.5,3,3,64
303,100,6.79,19,6.5,3,3,62.9
309,100,8.61,39,6.5,4,4,81.1
302,101,6.97,60,7,3,3,64.7
290,101,0.76,8,7,4,4,76
302,101,8.4,41,7,4,4,79
306,102,0.65,26,7,3,3,65
305,102,8.33,3,7,4,4,78.3
321,103,8.3,16,7,4,4,78
306,104,0.8022,20,7,4,4,80.22
306,104,7.16,18,7,3,3,66.6
307,105,0.65,0,7,3,3,65
312,105,0.6486,18,7,3,3,64.86
303,106,7.54,0,7,3,3,70.4
305,107,8,18,7,4,4,75
302,107,8.25,13,7,4,4,77.5
309,107,8.21,14,7,4,4,77.1
320,108,0.65,20,7,3,3,65
305,109,7.35,0,7.5,3,3,68.5
316,109,0.695,28,7.5,3,3,69.5
304,111,0.7,12,7.5,3,3,70
326,111,0.601,42,7.5,3,3,60.1
320,111,0.59,0,7.5,2,2,59
326,113,7.75,6,7.5,3,3,72.5
304,85,0.754,24,6,4,4,75.4
304,88,0.6436,47,6,3,3,64.36
305,92,0.8,60,6,4,4,80
308,92,0.6333,60,6,3,3,63.33
309,93,7.3,0,6.5,3,3,68
302,93,7.79,30,6.5,3,3,72.9
301,93,0.835,20,6.5,4,4,83.5
309,94,6.45,13,6.5,2,2,59.5
305,95,8.25,12,6.5,4,4,77.5
305,95,7.2,29,6.5,3,3,67
305,95,8.1,0,6.5,4,4,76
305,95,7.88,1,6.5,3,3,73.8
305,95,0.62,0,6.5,3,3,62
303,95,0.75,20,6.5,4,4,75
305,95,8.678,2,6.5,4,4,81.78
305,95,8.5,0,6.5,4,4,80
305,95,0.72,27,6.5,3,3,72
305,95,0.65,12,6.5,3,3,65
304,95,0.67,35,6.5,3,3,67
305,95,6.8,1,6.5,3,3,63
287,95,0.599,80,6.5,2,2,59.9
305,95,0.71,0,6.5,3,3,71
301,95,8.37,0,6.5,4,4,78.7
308,95,0.75,24,6.5,4,4,75
306,96,8.2,0,6.5,4,4,77
306,96,0.73,60,6.5,3,3,73
312,96,6.99,9,6.5,3,3,64.9
310,96,0.564,36,6.5,2,2,56.4
304,96,7.87,12,6.5,3,3,73.7
303,97,7,16,6.5,3,3,65
302,98,0.73,40,6.5,3,3,73
314,99,0.82,55,6.5,4,4,82
307,99,0.67,16,6.5,3,3,67
303,99,0.6202,58,6.5,3,3,62.02
313,100,0.65,12,6.5,3,3,65
291,101,6.7,9,7,3,3,62
304,101,0.79,30,7,4,4,79
310,101,0.7119,27,7,3,3,71.19
312,101,7.56,20,7,3,3,70.6
308,101,7.79,16,7,3,3,72.9
317,101,0.67,18,7,3,3,67
318,102,0.67,32,7,3,3,67
306,104,7.5,34,7,3,3,70
315,104,6.97,18,7,3,3,64.7
322,107,0.7447,28,7,3,3,74.47
307,107,6.75,0,7,3,3,62.5
309,107,5.4,0,7,2,2,49
310,107,7.39,14,7,3,3,68.9
305,109,0.6477,29,7.5,3,3,64.77
315,112,8.3,12,7.5,4,4,78
315,112,8.24,1,7.5,4,4,77.4
322,113,6.8,30,7.5,3,3,63
305,113,0.7389,60,7.5,3,3,73.89
329,114,7.2,51,8,3,3,67
320,117,0.5942,30,8.5,2,2,59.42
305,95,0.6,0,6.5,3,3,60
316,95,7.8,37,6.5,3,3,73
305,95,0.58,0,6.5,2,2,58
305,95,0.67,0,6.5,3,3,67
305,95,9.03,0,6.5,4,4,85.3
305,95,8.7,0,6.5,4,4,82
305,95,6.4,12,6.5,2,2,59
305,95,0.58,0,6.5,2,2,58
304,95,8.5,24,6.5,4,4,80
314,95,5.8,0,6.5,2,2,53
314,95,0.6957,26,6.5,3,3,69.57
305,95,0.74,0,6.5,3,3,74
305,95,0.6973,0,6.5,3,3,69.73
307,95,7.5,0,6.5,3,3,70
313,95,7.5,48,6.5,3,3,70
290,101,0.76,8,7,4,4,76
299,101,9.1,14,7,4,4,86
305,110,8.02,22,7.5,4,4,75.2
306,94,7.6,35,6.5,3,3,71
311,95,0.68,45,6.5,3,3,68
304,95,0.74,24,6.5,3,3,74
305,95,8.78,1,6.5,4,4,82.8
303,95,0.75,20,6.5,4,4,75
305,95,0.65,12,6.5,3,3,65
305,95,6.75,22,6.5,3,3,62.5
322,95,6.45,1,6.5,2,2,59.5
318,95,8,6,6.5,4,4,75
305,95,8.7,60,6.5,4,4,82
305,95,7.02,0,6.5,3,3,65.2
305,95,7.3,48,6.5,3,3,68
322,95,0.7,60,6.5,3,3,70
305,95,0.58,0,6.5,2,2,58
316,95,9,12,6.5,4,4,85
305,95,7.1,0,6.5,3,3,66
313,95,7.2,0,6.5,3,3,67
301,95,0.65,74,6.5,3,3,65
309,95,8.14,2,6.5,4,4,76.4
305,95,8.23,10,6.5,4,4,77.3
310,95,7,6,6.5,3,3,65
303,97,7,16,6.5,3,3,65
310,98,6.51,6,6.5,3,3,60.1
311,98,7.31,25,6.5,3,3,68.1
312,98,7.07,14,6.5,3,3,65.7
314,100,8.5,15,6.5,4,4,80
305,100,9,43,6.5,4,4,85
311,101,7.74,25,7,3,3,72.4
313,101,0.8014,48,7,4,4,80.14
317,101,0.67,18,7,3,3,67
318,102,0.67,32,7,3,3,67
300,103,9,30,7,4,4,85
317,103,0.79,60,7,4,4,79
316,103,0.8101,13,7,4,4,81.01
313,104,6.5,1,7,3,3,60
317,104,0.752,35,7,4,4,75.2
307,105,8.02,0,7,4,4,75.2
312,105,0.6486,18,7,3,3,64.86
307,105,0.72,54,7,3,3,72
310,106,7.92,35,7,3,3,74.2
308,106,8.42,9,7,4,4,79.2
310,106,0.756,42,7,4,4,75.6
314,106,9.15,0,7,4,4,86.5
310,107,7.39,14,7,3,3,68.9
318,108,6.54,5,7,3,3,60.4
315,108,0.833,8,7,4,4,83.3
317,108,8.2,0,7,4,4,77
312,109,7.9,0,7.5,3,3,74
305,109,7.35,0,7.5,3,3,68.5
305,109,0.86,25,7.5,4,4,86
324,109,6.2,40,7.5,2,2,57
316,112,8.48,21,7.5,4,4,79.8
305,113,0.7389,60,7.5,3,3,73.89
321,114,7.58,38,8,3,3,70.8
322,114,0.64,29,8,3,3,64
305,95,0.56,0,6.5,2,2,56
318,95,7.71,0,6.5,3,3,72.1
305,95,6.75,22,6.5,3,3,62.5
305,95,0.58,0,6.5,2,2,58
305,95,8.7,60,6.5,4,4,82
305,95,7.2,0,6.5,3,3,67
305,95,8.2,39,6.5,4,4,77
320,95,0.72,14,6.5,3,3,72
320,95,7.69,7,6.5,3,3,71.9
305,95,6,0,6.5,2,2,55
287,95,6.3,0,6.5,2,2,58
296,97,8.85,22,6.5,4,4,83.5
311,100,0,0,6.5,2,2,0
305,101,0.62,8,7,3,3,62
305,101,0.524,111,7,2,2,52.4
300,101,7.5,1,7,3,3,70
320,102,7,30,7,3,3,65
309,102,0.71,30,7,3,3,71
321,104,0.71,76,7,3,3,71
304,106,0.87,60,7,4,4,87
318,106,6.41,0,7,2,2,59.1
326,106,7,0,7,3,3,65
305,108,7.4,44,7,3,3,69
312,109,7.2,33,7.5,3,3,67
319,110,0.75,0,7.5,4,4,75
321,114,7.58,38,8,3,3,70.8
296,86,0.75,36,6,4,4,75
299,88,7.95,5,6,3,3,74.5
305,89,0.6595,30,6,3,3,65.95
296,90,0.64,0,6,3,3,64
298,90,9.12,24,6,4,4,86.2
308,90,8.26,15,6,4,4,77.6
310,90,0.71,6,6,3,3,71
298,91,0.693,26,6,3,3,69.3
292,92,0.64,0,6,3,3,64
299,92,0.578,12,6,2,2,57.8
309,93,0.59,36,6.5,2,2,59
302,93,7.79,30,6.5,3,3,72.9
304,93,0.78,60,6.5,4,4,78
294,93,6.5,2,6.5,3,3,60
297,94,8.5,27,6.5,4,4,80
305,95,7.98,0,6.5,3,3,74.8
305,95,0.6,0,6.5,3,3,60
305,95,0.72,27,6.5,3,3,72
290,95,0.76,0,6.5,4,4,76
316,95,9,12,6.5,4,4,85
305,95,7.3,48,6.5,3,3,68
305,95,9.03,0,6.5,4,4,85.3
302,95,0.67,0,6.5,3,3,67
305,95,6.4,12,6.5,2,2,59
305,95,7.7,1,6.5,3,3,72
305,95,0.58,0,6.5,2,2,58
299,95,0.64,42,6.5,3,3,64
294,95,0.75,80,6.5,4,4,75
303,95,6.9,12,6.5,3,3,64
306,95,0.65,3,6.5,3,3,65
305,95,0.67,10,6.5,3,3,67
305,95,8.5,6,6.5,4,4,80
301,96,7.44,0,6.5,3,3,69.4
310,96,0.564,36,6.5,2,2,56.4
306,96,0.62,15,6.5,3,3,62
297,97,0.53,0,6.5,2,2,53
305,97,6.23,4,6.5,2,2,57.3
306,97,8.07,26,6.5,4,4,75.7
302,98,0.65,29,6.5,3,3,65
305,98,8.35,19,6.5,4,4,78.5
309,100,8.61,39,6.5,4,4,81.1
290,101,0.76,8,7,4,4,76
287,101,0.735,32,7,3,3,73.5
301,101,0.8425,50,7,4,4,84.25
302,101,0.588,13,7,2,2,58.8
303,103,9,2,7,4,4,85
309,104,0.7,0,7,3,3,70
304,104,5.8,0,7,2,2,53
302,106,8.39,24,7,4,4,78.9
300,107,0.55,10,7,2,2,55
305,109,7.35,0,7.5,3,3,68.5
304,109,0.625,4,7.5,3,3,62.5
309,109,9.24,40,7.5,4,4,87.4
304,111,0.7,12,7.5,3,3,70
310,111,0.56,28,7.5,2,2,56
290,91,7.3,48,6,3,3,68
311,95,0.68,45,6.5,3,3,68
305,95,8,0,6.5,4,4,75
318,95,8,6,6.5,4,4,75
318,95,7.71,0,6.5,3,3,72.1
305,95,6.75,22,6.5,3,3,62.5
308,95,8.5,40,6.5,4,4,80
320,95,7.69,7,6.5,3,3,71.9
305,95,7.8,42,6.5,3,3,73
302,95,0.7,60,6.5,3,3,70
305,95,7.38,2,6.5,3,3,68.8
305,95,0.6,17,6.5,3,3,60
305,95,0.58,20,6.5,2,2,58
301,101,6.35,10,7,2,2,58.5
303,103,9,2,7,4,4,85
314,103,7.3,32,7,3,3,68
315,104,8.54,30,7,4,4,80.4
317,104,8,10,7,4,4,75
317,108,0.643,0,7,3,3,64.3
310,109,9.5,24,7.5,5,5,90
305,109,7.35,0,7.5,3,3,68.5
311,109,0.6,55,7.5,3,3,60
298,85,7.12,1,6,3,3,66.2
297,85,7.56,3,6,3,3,70.6
305,85,0.74,3,6,3,3,74
307,85,0.74,15,6,3,3,74
298,85,0.7,5,6,3,3,70
292,87,0.61,18,6,3,3,61
304,87,0.75,32,6,4,4,75
297,88,0.6,0,6,3,3,60
294,89,0.58,34,6,2,2,58
292,89,7.13,38,6,3,3,66.3
293,91,0.6064,48,6,3,3,60.64
301,91,0.58,40,6,2,2,58
298,91,5.39,3,6,2,2,48.9
310,92,5.5,0,6,2,2,50
300,92,0.7239,44,6,3,3,72.39
301,92,0.62,5,6,3,3,62
300,92,6,12,6,2,2,55
281,93,0.74,60,6.5,3,3,74
296,93,8.34,0,6.5,4,4,78.4
297,93,7.63,29,6.5,3,3,71.3
295,93,7.4,24,6.5,3,3,69
296,93,7.95,19,6.5,3,3,74.5
289,94,0.7,30,6.5,3,3,70
299,94,0.769,46,6.5,4,4,76.9
305,95,0.55,0,6.5,2,2,55
305,95,0.645,0,6.5,3,3,64.5
305,95,6.75,16,6.5,3,3,62.5
305,95,0.67,0,6.5,3,3,67
290,95,0.76,0,6.5,4,4,76
305,95,0.58,0,6.5,2,2,58
305,95,6.8,1,6.5,3,3,63
305,95,7.7,2,6.5,3,3,72
305,95,0.67,0,6.5,3,3,67
305,95,7.3,48,6.5,3,3,68
305,95,8.7,0,6.5,4,4,82
316,95,9,12,6.5,4,4,85
305,95,7.42,0,6.5,3,3,69.2
305,95,0.65,15,6.5,3,3,65
305,95,7.1,0,6.5,3,3,66
310,96,0.6868,41,6.5,3,3,68.68
297,98,6.08,0,6.5,2,2,55.8
304,99,0.57,6,6.5,2,2,57
313,99,8.52,49,6.5,4,4,80.2
306,99,0.74,0,6.5,3,3,74
305,101,0.62,8,7,3,3,62
307,101,5.87,9,7,2,2,53.7
306,101,0.7198,48,7,3,3,71.98
292,102,7.32,0,7,3,3,68.2
310,102,0.59,53,7,2,2,59
305,104,6.24,0,7,2,2,57.4
299,105,0.78,2,7,4,4,78
305,109,7.35,0,7.5,3,3,68.5
294,109,0.6,7,7.5,3,3,60
305,110,7.5,16,7.5,3,3,70
310,115,0.715,48,8,3,3,71.5
305,93,6,4,6.5,2,2,55
305,95,0.7,13,6.5,3,3,70
305,95,6.69,18,6.5,3,3,61.9
305,95,8.6,0,6.5,4,4,81
318,95,7.71,0,6.5,3,3,72.1
305,95,7.7,2,6.5,3,3,72
305,95,8.3,24,6.5,4,4,78
305,95,0.63,40,6.5,3,3,63
322,95,0.7,60,6.5,3,3,70
305,95,0.7,36,6.5,3,3,70
305,95,8.6,0,6.5,4,4,81
325,95,0.7,2,6.5,3,3,70
314,95,0.8068,48,6.5,4,4,80.68
329,95,0.852,10,6.5,4,4,85.2
296,95,0.6,0,6.5,3,3,60
305,95,0.59,30,6.5,2,2,59
314,95,8.67,25,6.5,4,4,81.7
314,96,0.768,12,6.5,4,4,76.8
311,98,7,40,6.5,3,3,65
326,99,8.322,12,6.5,4,4,78.22
296,100,8.05,48,6.5,4,4,75.5
314,100,0.6,0,6.5,3,3,60
320,100,0.68,0,6.5,3,3,68
311,100,8.2,0,6.5,4,4,77
305,101,0.623,0,7,3,3,62.3
295,101,0.689,0,7,3,3,68.9
314,101,7.351,46,7,3,3,68.51
322,101,0.5889,24,7,2,2,58.89
320,102,7,30,7,3,3,65
311,102,0.74,85,7,3,3,74
309,103,0.741,13,7,3,3,74.1
321,104,0.71,76,7,3,3,71
321,104,0.6032,39,7,3,3,60.32
310,104,0.66,52,7,3,3,66
305,105,0.68,33,7,3,3,68
324,106,7.49,55,7,3,3,69.9
304,108,0.695,0,7,3,3,69.5
320,108,0.65,41,7,3,3,65
299,109,0.78,0,7.5,4,4,78
308,109,0.7,84,7.5,3,3,70
328,109,0.62,33,7.5,3,3,62
324,109,0.75,40,7.5,4,4,75
322,110,7.7,40,7.5,3,3,72
330,110,8.32,20,7.5,4,4,78.2
315,110,8.6,3,7.5,4,4,81
323,111,9.7,2,7.5,5,5,92
315,112,8.3,12,7.5,4,4,78
302,112,8.5,12,7.5,4,4,80
319,113,0.784,25,7.5,4,4,78.4
327,113,8,0,7.5,4,4,75
312,114,0.64,22,8,3,3,64
321,114,7.58,38,8,3,3,70.8
326,114,8.6,36,8,4,4,81
316,115,9.3,27,8,4,4,88
309,85,0.7212,25,6,3,3,72.12
298,85,0.5743,6,6,2,2,57.43
316,85,7.1,0,6,3,3,66
306,85,8.52,25,6,4,4,80.2
307,85,0.73,14,6,3,3,73
300,87,0.63,30,6,3,3,63
306,87,8.2,8,6,4,4,77
310,90,7.31,36,6,3,3,68.1
305,93,0.48,0,6.5,2,2,48
305,93,0.69,0,6.5,3,3,69
309,93,0.65,18,6.5,3,3,65
303,93,8.27,21,6.5,4,4,77.7
310,93,0.876,19,6.5,4,4,87.6
306,94,0.65,36,6.5,3,3,65
305,95,0.58,0,6.5,2,2,58
304,95,0.67,35,6.5,3,3,67
305,95,0.7,18,6.5,3,3,70
305,95,0.7144,20,6.5,3,3,71.44
299,95,0.71,33,6.5,3,3,71
309,95,0.6,0,6.5,3,3,60
305,95,7.27,13,6.5,3,3,67.7
305,95,0.653,18,6.5,3,3,65.3
305,95,7,60,6.5,3,3,65
307,96,0.6417,30,6.5,3,3,64.17
306,96,0.73,60,6.5,3,3,73
311,97,0.623,117,6.5,3,3,62.3
309,97,0.6975,45,6.5,3,3,69.75
299,97,0.723,48,6.5,3,3,72.3
308,98,6.94,36,6.5,3,3,64.4
310,99,6.48,12,6.5,2,2,59.8
310,100,0.54,0,6.5,2,2,54
313,100,0.65,12,6.5,3,3,65
301,101,0.68,36,7,3,3,68
315,101,9,7,7,4,4,85
301,101,6.61,23,7,3,3,61.1
308,101,0.81,20,7,4,4,81
312,101,7.56,20,7,3,3,70.6
304,101,0.6491,26,7,3,3,64.91
305,101,0.7258,23,7,3,3,72.58
317,102,0.54,12,7,2,2,54
312,103,0.75,17,7,4,4,75
305,104,6.24,0,7,2,2,57.4
317,105,6.33,57,7,2,2,58.3
307,107,8,18,7,4,4,75
311,108,7.4,6,7,3,3,69
311,108,7.8,0,7,3,3,73
315,109,0.6,30,7.5,3,3,60
305,109,0.6883,40,7.5,3,3,68.83
306,109,8.34,3,7.5,4,4,78.4
313,110,5.3,2,7.5,2,2,48
310,115,0.68,16,8,3,3,68
297,88,0.81,20,6,4,4,81
295,92,8.28,26,6,4,4,77.8
302,93,0.694,50,6.5,3,3,69.4
305,93,0.73,37,6.5,3,3,73
304,93,7.5,30,6.5,3,3,70
301,93,0.835,20,6.5,4,4,83.5
290,95,0.65,50,6.5,3,3,65
304,95,7.1,36,6.5,3,3,66
297,95,0.55,0,6.5,2,2,55
305,95,7.04,12,6.5,3,3,65.4
305,95,0.68,29,6.5,3,3,68
299,95,0.71,33,6.5,3,3,71
305,95,9,0,6.5,4,4,85
298,96,0.67,58,6.5,3,3,67
302,96,0.74,24,6.5,3,3,74
312,96,7.81,44,6.5,3,3,73.1
307,97,0.67,48,6.5,3,3,67
299,97,0.723,48,6.5,3,3,72.3
311,98,7.31,25,6.5,3,3,68.1
310,99,7.81,21,6.5,3,3,73.1
301,99,0.74,36,6.5,3,3,74
300,99,7.14,39,6.5,3,3,66.4
314,99,0.65,30,6.5,3,3,65
314,100,8.5,15,6.5,4,4,80
308,100,6.47,38,6.5,2,2,59.7
308,101,5.9,21,7,2,2,54
305,101,0.6068,36,7,3,3,60.68
307,101,8.63,45,7,4,4,81.3
311,102,6.34,27,7,2,2,58.4
311,102,0.74,85,7,3,3,74
311,102,9.06,11,7,4,4,85.6
303,104,0.66,36,7,3,3,66
321,104,0.6032,39,7,3,3,60.32
321,104,6.541,2,7,3,3,60.41
323,108,7.7,0,7,3,3,72
320,108,0.65,41,7,3,3,65
305,109,7.35,0,7.5,3,3,68.5
308,109,7.95,18,7.5,3,3,74.5
302,109,0.632,32,7.5,3,3,63.2
313,109,0.8174,25,7.5,4,4,81.74
324,109,6.2,40,7.5,2,2,57
318,113,0.7,0,7.5,3,3,70
312,115,0.73,33,8,3,3,73
316,95,9,12,6.5,4,4,85
305,95,8.88,10,6.5,4,4,83.8
305,95,7.82,20,6.5,3,3,73.2
305,95,8.6,24,6.5,4,4,81
305,95,0.6512,3,6.5,3,3,65.12
303,95,0.75,20,6.5,4,4,75
305,95,7.6,2,6.5,3,3,71
305,95,0.92,3,6.5,5,5,92
320,95,7.69,7,6.5,3,3,71.9
305,95,7.54,30,6.5,3,3,70.4
326,95,7.2,15,6.5,3,3,67
305,95,7.81,1,6.5,3,3,73.1
320,95,7.8,1,6.5,3,3,73
314,95,0.7306,34,6.5,3,3,73.06
305,95,7.35,18,6.5,3,3,68.5
312,95,0.56,18,6.5,2,2,56
307,95,8.1,24,6.5,4,4,76
316,95,7.5,36,6.5,3,3,70
305,95,0.9,1,6.5,5,5,90
317,95,0.892,43,6.5,4,4,89.2
313,95,0.75,38,6.5,4,4,75
318,95,8.9,40,6.5,4,4,84
320,95,6.41,0,6.5,2,2,59.1
317,96,9.586,0,6.5,5,5,90.86
316,97,0.7,31,6.5,3,3,70
305,98,7.13,58,6.5,3,3,66.3
323,99,7.24,2,6.5,3,3,67.4
323,99,7.38,18,6.5,3,3,68.8
307,99,9,36,6.5,4,4,85
319,100,0.6247,12,6.5,3,3,62.47
315,100,0.72,43,6.5,3,3,72
306,100,0.78,17,6.5,4,4,78
313,100,7.65,0,6.5,3,3,71.5
319,101,6.57,15,7,3,3,60.7
308,101,0.69,48,7,3,3,69
315,101,9.81,0,7,5,5,93.1
302,102,8.72,52,7,4,4,82.2
312,102,8.01,24,7,4,4,75.1
316,102,7.08,40,7,3,3,65.8
325,102,7.34,35,7,3,3,68.4
306,103,0.6317,27,7,3,3,63.17
317,103,0.79,60,7,4,4,79
306,103,0.6317,27,7,3,3,63.17
320,103,7.85,52,7,3,3,73.5
319,104,9.39,2,7,4,4,88.9
320,104,8.2,1,7,4,4,77
316,104,0.75,24,7,4,4,75
314,104,8.05,0,7,4,4,75.5
324,104,7.5,20,7,3,3,70
320,104,0.65,60,7,3,3,65
321,104,6.541,2,7,3,3,60.41
313,104,0.6674,20,7,3,3,66.74
304,104,7.33,44,7,3,3,68.3
319,105,6.8,6,7,3,3,63
315,105,7.4,2,7,3,3,69
315,105,7.42,0,7,3,3,69.2
310,106,0.756,42,7,4,4,75.6
321,106,8.16,0,7,4,4,76.6
322,107,0.7447,28,7,3,3,74.47
307,107,0.69,19,7,3,3,69
317,108,8.8,14,7,4,4,83
318,108,8.33,1,7,4,4,78.3
320,108,0.65,41,7,3,3,65
305,108,0.6834,54,7,3,3,68.34
317,109,9.18,6,7.5,4,4,86.8
321,109,0.6,29,7.5,3,3,60
312,110,8.6,24,7.5,4,4,81
330,110,8.4,30,7.5,4,4,79
322,110,0.816,24,7.5,4,4,81.6
319,111,9.6,6,7.5,5,5,91
327,111,7.85,18,7.5,3,3,73.5
326,111,0.601,42,7.5,3,3,60.1
316,111,8.64,1,7.5,4,4,81.4
325,112,8.56,18,7.5,4,4,80.6
316,112,0.73,20,7.5,3,3,73
316,112,8.48,21,7.5,4,4,79.8
321,112,0.7324,32,7.5,3,3,73.24
305,113,0.7389,60,7.5,3,3,73.89
324,113,7.9,15,7.5,3,3,74
319,113,0.734,26,7.5,3,3,73.4
326,113,0.685,44,7.5,3,3,68.5
319,113,0.734,26,7.5,3,3,73.4
321,114,7.58,38,8,3,3,70.8
322,114,8.97,0,8,4,4,84.7
329,114,7.2,51,8,3,3,67
324,114,8.3,30,8,4,4,78
322,114,0.64,29,8,3,3,64
317,114,0.6152,36,8,3,3,61.52
329,114,7.2,54,8,3,3,67
326,115,9.38,1,8,4,4,88.8
325,115,9.12,4,8,4,4,86.2
322,116,8.1,6,8,4,4,76
328,116,9,31,8,4,4,85
332,116,8.77,31,8,4,4,82.7
324,117,8.49,8,8.5,4,4,79.9
309,117,0.7,12,8.5,3,3,70
296,93,0.643,64,6.5,3,3,64.3
303,93,0.641,2,6.5,3,3,64.1
306,94,0.729,12,6.5,3,3,72.9
310,94,6,6,6.5,2,2,55
300,94,8.1,29,6.5,4,4,76
310,94,0.54,0,6.5,2,2,54
311,95,0.68,45,6.5,3,3,68
305,95,8.4,0,6.5,4,4,79
308,95,7.2,52,6.5,3,3,67
305,95,0.58,0,6.5,2,2,58
306,95,0.63,0,6.5,3,3,63
305,95,0.724,67,6.5,3,3,72.4
305,95,0.71,25,6.5,3,3,71
301,95,7.84,0,6.5,3,3,73.4
305,95,6.97,9,6.5,3,3,64.7
305,95,0.69,0,6.5,3,3,69
305,95,6.5,0,6.5,3,3,60
305,95,8.5,0,6.5,4,4,80
309,95,0.6,0,6.5,3,3,60
309,95,0.66,30,6.5,3,3,66
293,95,7.25,0,6.5,3,3,67.5
306,95,0.65,3,6.5,3,3,65
305,95,0.67,10,6.5,3,3,67
309,95,0.68,23,6.5,3,3,68
305,95,6.99,26,6.5,3,3,64.9
312,96,7.53,1,6.5,3,3,70.3
297,97,0.68,87,6.5,3,3,68
307,97,6.85,30,6.5,3,3,63.5
314,99,6.8,0,6.5,3,3,63
297,99,0.5581,24,6.5,2,2,55.81
307,99,7.31,6,6.5,3,3,68.1
302,100,0.71,0,6.5,3,3,71
306,100,0.55,0,6.5,2,2,55
311,101,0.5871,30,7,2,2,58.71
297,101,6.87,32,7,3,3,63.7
306,101,0.7422,8,7,3,3,74.22
306,101,6.35,1,7,2,2,58.5
304,102,0.61,26,7,3,3,61
313,103,8.712,26,7,4,4,82.12
313,104,6.5,1,7,3,3,60
310,104,9.26,38,7,4,4,87.6
310,107,8,36,7,4,4,75
305,109,7.35,0,7.5,3,3,68.5
306,109,0.5,31,7.5,2,2,50
315,109,0.6,30,7.5,3,3,60
313,109,0.8174,25,7.5,4,4,81.74
317,109,6.83,2,7.5,3,3,63.3
300,110,7.12,0,7.5,3,3,66.2
306,115,0.63,16,8,3,3,63